<?xml version="1.0" encoding="utf-8"?>
<!DOCTYPE install PUBLIC "-//Joomla! 1.6//DTD template 1.0//EN" "http://www.joomla.org/xml/dtd/1.6/template-install.dtd">
<extension version="1.6.0" type="template" method="upgrade" client="site">
    <name>jootstrap</name>
    <author>Prieco S.A.</author>
    <creationDate>March 10, 2012</creationDate>
    <copyright>(C) 2007 - 2012 Prieco, S.A. All rights reserved.</copyright>
    <license>GNU General Public License version 3 or later; see LICENSE.txt</license>
    <authorEmail>support@prieco.com</authorEmail>
    <authorUrl>http://www.prieco.com</authorUrl>
    <version>0.5rc</version>
    <description>Jootstrap - Twitter's Bootstrap for Joomla (with RocketTheme's Gantry administration)</description>
    <files>
        <filename>index.php</filename>
        <filename>component.php</filename>
        <filename>debugbody.php</filename>
        <filename>gantry.config.php</filename>
        <filename>htaccess.txt</filename>
        <filename>template_thumbnail.png</filename>
        <filename>templateDetails.xml</filename>
        <filename>template-options.xml</filename>
        <filename>template-overview.php</filename>
        <filename>tests.php</filename>
        <folder>admin</folder>
        <folder>css</folder>
        <folder>custom</folder>
        <folder>features</folder>
        <folder>html</folder>
        <folder>images</folder>
        <folder>img</folder>
        <folder>js</folder>
        <folder>lib</folder>
    </files>
    <positions>
        <position>analytics</position>
        <position>drawer</position>
        <position>top-a</position>
        <position>top-b</position>
        <position>top-c</position>
        <position>top-d</position>
        <position>top-e</position>
        <position>top-f</position>
        <position>header-a</position>
        <position>header-b</position>
        <position>header-c</position>
        <position>header-d</position>
        <position>header-e</position>
        <position>header-f</position>
        <position>navigation</position>
        <position>showcase-a</position>
        <position>showcase-b</position>
        <position>showcase-c</position>
        <position>showcase-d</position>
        <position>showcase-e</position>
        <position>showcase-f</position>
        <position>feature-a</position>
        <position>feature-b</position>
        <position>feature-c</position>
        <position>feature-d</position>
        <position>feature-e</position>
        <position>feature-f</position>
        <position>utility-a</position>
        <position>utility-b</position>
        <position>utility-c</position>
        <position>utility-d</position>
        <position>utility-e</position>
        <position>utility-f</position>
        <position>maintop-a</position>
        <position>maintop-b</position>
        <position>maintop-c</position>
        <position>maintop-d</position>
        <position>maintop-e</position>
        <position>maintop-f</position>
        <position>breadcrumb</position>
        <position>sidebar-a</position>
        <position>sidebar-b</position>
        <position>sidebar-c</position>
        <position>content-top-a</position>
        <position>content-top-b</position>
        <position>content-top-c</position>
        <position>content-bottom-a</position>
        <position>content-bottom-b</position>
        <position>content-bottom-c</position>
        <position>mainbottom-a</position>
        <position>mainbottom-b</position>
        <position>mainbottom-c</position>
        <position>mainbottom-d</position>
        <position>mainbottom-e</position>
        <position>mainbottom-f</position>
        <position>bottom-a</position>
        <position>bottom-b</position>
        <position>bottom-c</position>
        <position>bottom-d</position>
        <position>bottom-e</position>
        <position>bottom-f</position>
        <position>footer-a</position>
        <position>footer-b</position>
        <position>footer-c</position>
        <position>footer-d</position>
        <position>footer-e</position>
        <position>footer-f</position>
        <position>copyright</position>
        <position mobile="true">mobile-drawer</position>
        <position mobile="true">mobile-top</position>
        <position mobile="true">mobile-header</position>
        <position mobile="true">mobile-navigation</position>
        <position mobile="true">mobile-showcase</position>
        <position mobile="true">mobile-footer</position>
        <position mobile="true">mobile-copyright</position>
        <position>debug</position>
    </positions>
    <languages folder="language">
        <language tag="en-GB">en-GB/en-GB.tpl_jootstrap.ini</language>
    </languages>
	<config>
        <fields name="params">
            <fieldset name="base" addfieldpath="/templates/jootstrap/fields">
                <field name="master" type="hidden" value="true" default="true"/>
                <field type="spacer" label="This template needs the &lt;a href='http://www.gantry-framework.org'&gt;Gantry Template Framework&lt;/a&gt;.  Please download and install from &lt;a href='http://www.gantry-framework.org'&gt;here&lt;/a&gt;"/>
            </fieldset>
        </fields>
    </config>
</extension>
